category,class_CD,class_CF,class_CG,class_GA,classification,common_name_english_CM_doc,country,scientific_name_CD_final,scientific_name_CM_final,scientific_name_label,source_document
LC,placeholder,placeholder,placeholder,placeholder,A,Beecroft's flying squirrel,CM,,Anomalurus beecrofti,Typo,0053 français-1
LC,Annex 2,A,placeholder,placeholder,A,Caracal,CM,,Caracal caracal,Re-classified,0053 français-1
LC,Annex 2,C,placeholder,placeholder,A,Agile mangabey,CM,,Cercocebus agilis,Match,0053 français-1
LC,Annex 2,C,Annex 2A,placeholder,A,De Brazza's Monkey,CM,,Cercopithecus neglectus,Match,0053 français-1
VU,Annex 2,placeholder,placeholder,placeholder,A,Hoest Monkey,CM,,Allochrocebus lhoesti,Not extant in country && Re-classified,0053 français-1
EN,placeholder,placeholder,placeholder,placeholder,A,"Preuss's Guenon, Preuss's Monkey, Preusss Monkey",CM,,Allochrocebus preussi,Re-classified,0053 français-1
VU,Annex 2,placeholder,placeholder,placeholder,A,"African Golden Cat, Golden Cat",CM,,Caracal aurata,Re-classified,0053 français-1
LC,Annex 2,A,Annex 1,Annex 1,A,Water chevrotain,CM,,Hyemoschus aquaticus,Match,0053 français-1
EN,placeholder,placeholder,placeholder,placeholder,A,Chimpanzee,CM,,Pan troglodytes ssp. ellioti,Refined to subspecies,0053 français-1
EN,Annex 1,A,Annex 1,Annex 1,A,Chimpanzee,CM,,Pan troglodytes ssp. troglodytes,Additional species or subspecies extant in country,0053 français-1
LC,placeholder,A,placeholder,placeholder,A,Eastern balck and white colobus,CM,,Colobus guereza,Match,0053 français-1
VU,placeholder,placeholder,Annex 1,placeholder,A,Black colobus,CM,,Colobus satanas ssp. anthracinus,Refined to subspecies,0053 français-1
LC,placeholder,placeholder,placeholder,placeholder,A,"Topi, Tsessebe",CM,,Damaliscus lunatus ssp. korrigum,Typo,0053 français-1
EN,placeholder,placeholder,placeholder,Annex 1,A,Drill,CM,,Mandrillus leucophaeus,Match,0053 français-1
CR,Annex 1,B,Annex 1,Annex 1,A,African Forest Elephant,CM,,Loxodonta cyclotis,Match,0053 français-1
EN,Annex 1,B,placeholder,placeholder,A,African Bush Elephant,CM,,Loxodonta africana,Match,0053 français-1
NT,placeholder,placeholder,placeholder,placeholder,A,Allen's bush baby,CM,,Sciurocheirus alleni,Re-classified,0053 français-1
VU,placeholder,placeholder,placeholder,placeholder,A,Red-fronted gazelle,CM,,Eudorcas rufifrons,Resolved from multiple species names,0053 français-1
VU,Annex 1,placeholder,placeholder,placeholder,A,Giraffe,CM,,Giraffa camelopardalis,Match,0053 français-1
CR,Annex 1,A,Annex 1,Annex 1,A,Gorilla,CM,,Gorilla gorilla ssp. gorilla,Refined to subspecies,0053 français-1
CR,placeholder,placeholder,placeholder,placeholder,A,Gorilla,CM,,Gorilla gorilla ssp. diehli,Additional species or subspecies extant in country,0053 français-1
VU,Annex 1,A,placeholder,placeholder,A,"Cheetah, Hunting Leopard",CM,,Acinonyx jubatus,Extinct in country && Typo,0053 français-1
VU,Annex 1,A,Annex 1,Annex 1,A,"Common Hippopotamus, Hippopotamus",CM,,Hippopotamus amphibius,Match,0053 français-1
VU,Annex 1,A,Annex 1,placeholder,A,"African Lion, Lion",CM,,Panthera leo,Match,0053 français-1
EN,Annex 1,A,placeholder,placeholder,A,"African Wild Dog, Cape Hunting Dog, Painted",CM,,Lycaon pictus,Extinct in country,0053 français-1
NT,placeholder,placeholder,Annex 1,Annex 1,A,Mandrill,CM,,Mandrillus sphinx,Match,0053 français-1
EN,placeholder,placeholder,Annex 2A,placeholder,A,White-collared Mangabey,CM,,Cercocebus torquatus,Match,0053 français-1
VU,placeholder,placeholder,placeholder,placeholder,A,Red-eared Guenon,CM,,Cercopithecus erythrotis ssp. camerunensis,Refined to subspecies,0053 français-1
LC,Annex 1,A,Annex 1,Annex 1,A,Aadwark,CM,,Orycteropus afer,Match,0053 français-1
EN,Annex 2,placeholder,Annex 1,placeholder,A,"African White-bellied Pangolin, White-bellied Pangolin",CM,,Phataginus tricuspis,Resolved from multiple species names,0053 français-1
VU,Annex 2,placeholder,placeholder,placeholder,A,"Black-bellied Pangolin, Long-tailed Pangolin, Tree Pangolin",CM,,Phataginus tetradactyla,Resolved from multiple species names,0053 français-1
EN,Annex 1,A,Annex 1,Annex 1,A,"Giant Ground Pangolin, Giant Pangolin",CM,,Smutsia gigantea,Match,0053 français-1
VU,Annex 2,A,Annex 1,Annex 1,A,Leopard,CM,,Panthera pardus,Match,0053 français-1
NT,Annex 2,placeholder,placeholder,placeholder,A,Potto gibbon,CM,,Perodicticus potto,Not extant in country,0053 français-1
NT,placeholder,placeholder,placeholder,placeholder,A,Angwantibo,CM,,Arctocebus calabarensis,Typo,0053 français-1
EN,placeholder,placeholder,placeholder,placeholder,A,Mountain reebuck,CM,,Redunca fulvorufula ssp. adamauae,Refined to subspecies,0053 français-1
CR,placeholder,A,placeholder,placeholder,A,"Black Rhinoceros, Hook-lipped rhinoceros",CM,,Diceros bicornis,Extinct in country,0053 français-1
LC,placeholder,placeholder,placeholder,placeholder,A,Striped pole cate,CM,,Ictonyx striatus,Match,0053 français-1
LC,Annex 1,placeholder,Annex 1,Annex 1,A,Humback Whale,CM,,Megaptera novaeangliae,Match,0053 français-1
CR,placeholder,placeholder,Annex 1,placeholder,A,Atlantic Humpacked Dolphin,CM,,Sousa teuszii,Match,0053 français-1
LC,placeholder,placeholder,Annex 1,placeholder,A,Short-beaked common dolphin,CM,,Delphinus delphis,Match,0053 français-1
VU,placeholder,placeholder,Annex 1,placeholder,A,Sperm whale,CM,,Physeter macrocephalus,Match,0053 français-1
VU,Annex 1,A,Annex 1,Annex 1,A,"African Manatee, Sea Cow, West African Manatee",CM,,Trichechus senegalensis,Match,0053 français-1
NT,Annex 2,placeholder,placeholder,placeholder,A,"African Clawless Otter, Cape Clawless Otter",CM,,Aonyx capensis,Refined from subspecies,0053 français-1
VU,placeholder,placeholder,placeholder,placeholder,A,Eastern Imperial Eagle,CM,,Aquila heliaca,Typo,0053 français-1
VU,Annex 2,placeholder,Annex 1,placeholder,A,Tawny Eagle,CM,,Aquila rapax,Typo,0053 français-1
LC,placeholder,placeholder,placeholder,placeholder,A,Bamenda Apalis,CM,,Apalis bamendae,Match,0053 français-1
LC,placeholder,A,placeholder,placeholder,A,Ostrich,CM,,Struthio camelus,Match,0053 français-1
EN,Annex 2,placeholder,Annex 1,placeholder,A,Bateleur,CM,,Terathopius ecaudatus,Typo,0053 français-1
NT,placeholder,C,placeholder,placeholder,A,Great Snipe,CM,,Gallinago media,Match,0053 français-1
LC,placeholder,placeholder,placeholder,placeholder,A,African Skimmer,CM,,Rynchops flavirostris,Match,0053 français-1
VU,Annex 1,A,placeholder,placeholder,A,Shoebill,CM,,Balaeniceps rex,Not extant in country,0053 français-1
LC,placeholder,placeholder,placeholder,placeholder,A,Bangwa forest Warbler,CM,,Bradypterus bangwaensis,Match,0053 français-1
NT,placeholder,placeholder,placeholder,placeholder,A,Dja river Warbler,CM,,Bradypterus grandis,Match,0053 français-1
LC,placeholder,placeholder,placeholder,placeholder,A,Grey -headed Greenbul,CM,,Phyllastrephus poliocephalus,Match,0053 français-1
LC,placeholder,placeholder,placeholder,placeholder,A,Cameroon Montane Greenbul,CM,,Arizelocichla montana,Re-classified,0053 français-1
NT,Annex 2,placeholder,placeholder,placeholder,A,Pallid Harrier,CM,,Circus macrourus,Match,0053 français-1
VU,placeholder,placeholder,placeholder,placeholder,A,Yellow-casqued Hornbill,CM,,Ceratogymna elata,Match,0053 français-1
LC,Annex 1,placeholder,placeholder,placeholder,A,White stork,CM,,Ciconia ciconia,Typo,0053 français-1
LC,placeholder,placeholder,placeholder,placeholder,A,Black stork,CM,,Ciconia nigra,Match,0053 français-1
LC,placeholder,placeholder,placeholder,placeholder,A,Dorst's Cisticola,CM,,Cisticola dorsti,Match,0053 français-1
DD,placeholder,placeholder,placeholder,placeholder,A,Eastern Wattled Cuckoo-Shrike,CM,,Lobotos oriolinus,Match,0053 français-1
EN,Annex 2,placeholder,placeholder,placeholder,A,Prigogine's Nightjar,CM,,Caprimulgus prigoginei,Not extant in country,0053 français-1
LC,Annex 1,placeholder,Annex 1,placeholder,A,Barbary Falcon,CM,,Falco peregrinus,Typo && Re-classified,0053 français-1
LC,Annex 2,placeholder,placeholder,placeholder,A,Greater Flamingo,CM,,Phoenicopterus ruber,Not extant in country,0053 français-1
NT,Annex 2,placeholder,placeholder,placeholder,A,Lesser Flamingo,CM,,Phoeniconaias minor,Match,0053 français-1
EN,placeholder,placeholder,placeholder,placeholder,A,Cape Gannet,CM,,Morus capensis,Re-classified,0053 français-1
EN,placeholder,placeholder,placeholder,placeholder,A,Mount Cameroon Francolin,CM,,Pternistis camerunensis,Re-classified,0053 français-1
NT,placeholder,C,placeholder,placeholder,A,Ferruginous Duck,CM,,Aythya nyroca,Match,0053 français-1
VU,placeholder,placeholder,placeholder,placeholder,A,Green-breasted Bush-shrike,CM,,Malaconotus gladiator,Match,0053 français-1
NT,placeholder,placeholder,placeholder,placeholder,A,Monteiro's Bush-shrike,CM,,Malaconotus monteiri,Match,0053 français-1
EN,placeholder,placeholder,placeholder,placeholder,A,Mount Kupe Bush-shrike,CM,,Chlorophoneus kupeensis,Re-classified,0053 français-1
NT,placeholder,placeholder,placeholder,placeholder,A,Black-winged Pratincole,CM,,Glareola nordmanni,Match,0053 français-1
LC,placeholder,placeholder,placeholder,placeholder,A,Tessmann's Flycatcher,CM,,Fraseria tessmanni,Re-classified,0053 français-1
LC,placeholder,placeholder,placeholder,placeholder,A,Crossley's ground Thrush,CM,,Geokichla crossleyi,Re-classified,0053 français-1
VU,Annex 2,A,placeholder,placeholder,A,Northern Crowned Cranerane,CM,,Balearica pavonina,Match,0053 français-1
LC,placeholder,placeholder,placeholder,placeholder,A,Mountain Saw-Wing,CM,,Psalidoprocne fuliginosa,Match,0053 français-1
NT,placeholder,placeholder,placeholder,placeholder,A,Yellow-footed Honeyguide,CM,,Melignomon eisentrauti,Match,0053 français-1
LC,Annex 2,placeholder,placeholder,placeholder,A,Black-collared Lovebird,CM,,Agapornis swindernianus,Match,0053 français-1
LC,placeholder,A,Annex 1,Annex 2,A,Saddle-billed Stork,CM,,Ephippiorhynchus senegalensis,Match,0053 français-1
NT,placeholder,placeholder,placeholder,placeholder,A,Marbled Duck,CM,,Marmaronetta angustirostris,Match,0053 français-1
EN,Annex 1,A,placeholder,placeholder,A,Secretary Bird,CM,,Sagittarius serpentarius,Typo,0053 français-1
LC,placeholder,placeholder,placeholder,placeholder,A,White Crested Tiger Heron,CM,,Tigriornis leucolophus,Match,0053 français-1
NT,Annex 2,A,Annex 1,placeholder,A,Denham's Bustard,CM,,Neotis denhami,Match,0053 français-1
NT,placeholder,placeholder,placeholder,placeholder,A,Nubian Bustard,CM,,Neotis nuba,Match,0053 français-1
LC,Annex 2,B,placeholder,placeholder,A,Red-fronted Parrot,CM,,Poicephalus gulielmi,Match,0053 français-1
EN,Annex 2,B,Annex 2B,Annex 2,A,Grey Parrot,CM,,Psittacus erithacus,Match,0053 français-1
VU,placeholder,placeholder,placeholder,placeholder,A,Brown-necked Parrot,CM,,Poicephalus robustus,Not extant in country,0053 français-1
LC,placeholder,placeholder,placeholder,placeholder,A,Rose-ringed parakeet,CM,,Alexandrinus krameri,Match,0053 français-1
VU,placeholder,placeholder,placeholder,placeholder,A,White-throated mountain Babbler,CM,,Kupeornis gilberti,Match,0053 français-1
NT,placeholder,placeholder,placeholder,Annex 1,A,Grey-necked,CM,,Picathartes oreas,Match,0053 français-1
NT,placeholder,placeholder,placeholder,placeholder,A,White-naped Pigeon,CM,,Columba albinucha,Match,0053 français-1
LC,placeholder,placeholder,placeholder,placeholder,A,White tailed Warbler,CM,,Poliolais lopezi,Match,0053 français-1
LC,placeholder,placeholder,placeholder,placeholder,A,River Prinia,CM,,Prinia fluviatilis,Match,0053 français-1
LC,placeholder,placeholder,placeholder,placeholder,A,Verreaux's Batis,CM,,Batis minima,Match,0053 français-1
EN,placeholder,placeholder,placeholder,placeholder,A,Banded Wattle-eye,CM,,Platysteira laticincta,Match,0053 français-1
LC,placeholder,placeholder,placeholder,placeholder,A,Corn crake,CM,,Crex crex,Match,0053 français-1
LC,placeholder,placeholder,placeholder,placeholder,A,Ursula's Sunbird,CM,,Cinnyris ursulae,Match,0053 français-1
VU,placeholder,placeholder,placeholder,placeholder,A,Mount Cameroon Speirops,CM,,Zosterops melanocephalus,Typo && Re-classified,0053 français-1
LC,placeholder,placeholder,placeholder,placeholder,A,Damara Tern,CM,,Sternula balaenarum,Re-classified,0053 français-1
VU,placeholder,placeholder,placeholder,placeholder,A,Bannerman's Weaver,CM,,Ploceus bannermani,Match,0053 français-1
EN,placeholder,placeholder,placeholder,placeholder,A,Bates's Weaver,CM,,Ploceus batesi,Match,0053 français-1
EN,placeholder,placeholder,placeholder,placeholder,A,Bannerman's Turaco,CM,,Tauraco bannermani,Match,0053 français-1
LC,Annex 2,B,placeholder,placeholder,A,Green Turaco,CM,,Tauraco persa,Match,0053 français-1
EN,placeholder,placeholder,placeholder,placeholder,A,Lappet-faced vulture,CM,,Torgos tracheliotus,Match,0053 français-1
VU,placeholder,placeholder,placeholder,placeholder,A,Eisentraut chameleon,CM,,Trioceros quadricornis ssp. eisentrauti,Re-classified,0053 français-1
EN,placeholder,placeholder,placeholder,placeholder,A,Pfeffer's chameleon,CM,,Trioceros pfefferi,Re-classified,0053 français-1
VU,placeholder,placeholder,placeholder,placeholder,A,Four horned chameleon,CM,,Chamaeleo quadricornis ssp. quadricornis,Refined to subspecies,0053 français-1
EN,placeholder,placeholder,placeholder,placeholder,A,Mount Lefo chameleon,CM,,Trioceros perreti,Re-classified,0053 français-1
CR,Annex 2,A,Annex 1,Annex 1,A,African sharp-nosed crocodile,CM,,Mecistops cataphractus,Re-classified,0053 français-1
LC,Annex 2,placeholder,Annex 2A,Annex 1,A,Nile crocodile,CM,,Crocodylus niloticus,Match,0053 français-1
VU,Annex 2,A,Annex 2A,Annex 1,A,African dwarf crocodile,CM,,Osteolaemus tetraspis,Typo,0053 français-1
,placeholder,placeholder,placeholder,placeholder,A,-,CM,,,Unknown,0053 français-1
CR,placeholder,placeholder,placeholder,placeholder,A,Lepesme skink,CM,,Lacertaspis lepesmei,Match,0053 français-1
VU,placeholder,placeholder,placeholder,placeholder,A,African Softshell Turtle,CM,,Trionyx triunguis,Match,0053 français-1
EN,Annex 1,placeholder,Annex 1,Annex 1,A,Green turtle,CM,,Chelonia mydas,Match,0053 français-1
VU,Annex 1,placeholder,Annex 1,placeholder,A,Loggerhead,CM,,Caretta caretta,Not extant in country,0053 français-1
CR,Annex 1,placeholder,Annex 1,Annex 1,A,Hawksbill turtle,CM,,Eretmochelys imbricata,Not extant in country,0053 français-1
VU,placeholder,placeholder,Annex 1,Annex 1,A,Olive ridley,CM,,Lepidochelys olivacea,Match,0053 français-1
VU,Annex 1,placeholder,Annex 1,Annex 1,A,Leatherback turtle,CM,,Dermochelys coriacea,Match,0053 français-1
EN,placeholder,placeholder,placeholder,placeholder,A,African spurred tortoise,CM,,Centrochelys sulcata,Re-classified,0053 français-1
VU,placeholder,placeholder,Annex 2A,placeholder,A,Aububry's flapshell turtle,CM,,Cycloderma aubryi,Match,0053 français-1
EN,placeholder,placeholder,placeholder,placeholder,A,Giant frog,CM,,Conraua goliath,Match,0053 français-1
CR,placeholder,placeholder,placeholder,placeholder,A,Reed frog,CM,,Alexteroon jynx,Match,0053 français-1
EN,placeholder,placeholder,placeholder,placeholder,A,Long-fingered Frog,CM,,Cardioglossa oreas,Match,0053 français-1
CR,placeholder,placeholder,placeholder,placeholder,A,Redbelly Egg frog,CM,,Leptodactylodon erythrogaster,Match,0053 français-1
CR,placeholder,placeholder,placeholder,placeholder,A,Lake Oku Clawed Frog,CM,,Xenopus longipes,Match,0053 français-1
CR,placeholder,placeholder,placeholder,placeholder,A,Bamboutos Egg Frog,CM,,Leptodactylodon axillaris,Match,0053 français-1
LC,Annex 2,C,placeholder,placeholder,B,Anubis Baboon,CM,,Papio anubis,Match,0053 français-1
NT,Annex 2,B,placeholder,Annex 1,B,Bongo,CM,,Tragelaphus eurycerus ssp. eurycerus,Refined to subspecies,0053 français-1
VU,placeholder,B,placeholder,placeholder,B,Hartebeeste,CM,,Alcelaphus buselaphus ssp. major,Typo,0053 français-1
NT,Annex 2,B,Annex 2A,Annex 1,B,African buffle,CM,,Syncerus caffer,Refined from subspecies,0053 français-1
NT,placeholder,placeholder,placeholder,placeholder,B,African buffle,CM,,Syncerus caffer,Not extant in country,0053 français-1
NT,Annex 2,placeholder,Annex 2A,placeholder,B,Bay duiker,CM,,Cephalophus dorsalis,Match,0053 français-1
NT,Annex 2,B,Annex 2A,Annex 1,B,Yellow backed duiker,CM,,Cephalophus silvicultor,Typo,0053 français-1
NT,placeholder,placeholder,placeholder,placeholder,B,White-bellied Duiker,CM,,Cephalophus leucogaster,Match,0053 français-1
LC,placeholder,B,Annex 2A,placeholder,B,Peter's and harvey's Duiker,CM,,Cephalophus callipygus,Typo,0053 français-1
VU,placeholder,placeholder,placeholder,placeholder,B,Ogilby's Duiker,CM,,Cephalophus ogilbyi ssp. ogilbyi,Refined to subspecies,0053 français-1
NT,placeholder,placeholder,placeholder,Annex 1,B,"Sun-tailed Guenon, Sun-tailed Monkey",CM,,Allochrocebus solatus,Not extant in country,0053 français-1
NT,placeholder,placeholder,placeholder,placeholder,B,Mona monkey,CM,,Cercopithecus mona,Match,0053 français-1
LC,Annex 2,A,placeholder,Annex 2,B,Serval,CM,,Leptailurus serval,Match,0053 français-1
LC,placeholder,C,Annex 2B,placeholder,B,African civet,CM,,Civettictis civetta,Typo,0053 français-1
LC,Annex 2,B,placeholder,placeholder,B,kob,CM,,Kobus kob ssp. kob,Typo,0053 français-1
LC,Annex 2,B,Annex 1,Annex 1,B,Defassa waterbuck,CM,,Kobus ellipsiprymnus ssp. defassa,Typo,0053 français-1
VU,Annex 1,B,placeholder,placeholder,B,Eland,CM,,Tragelaphus derbianus ssp. gigas,Refined to subspecies,0053 français-1
LC,placeholder,placeholder,placeholder,placeholder,B,Demidoff's Dwarf Galago,CM,,Galagoides demidoff ssp. demidoff,Re-classified,0053 français-1
LC,placeholder,A,placeholder,Annex 1,B,Thomas's Dwarf Galago,CM,,Galagoides thomasi,Match,0053 français-1
LC,Annex 2,A,placeholder,placeholder,B,Senegal Galago,CM,,Galago senegalensis,Match,0053 français-1
LC,Annex 2,A,placeholder,placeholder,B,Elegant Galago,CM,,Euoticus elegantulus,Match,0053 français-1
NT,placeholder,placeholder,placeholder,placeholder,B,Nororthern Needle-clawed Bushbaby,CM,,Euoticus pallidus ssp. talboti,Refined to subspecies,0053 français-1
LC,placeholder,placeholder,placeholder,placeholder,B,Genet,CM,,Genetta genetta,Match,0053 français-1
NT,placeholder,placeholder,placeholder,placeholder,B,Crowned monkey,CM,,Cercopithecus pogonias ssp. pogonias,Refined to subspecies,0053 français-1
NT,Annex 2,C,placeholder,placeholder,B,Crowned monkey,CM,,Cercopithecus pogonias ssp. grayi,Additional species or subspecies extant in country,0053 français-1
LC,Annex 2,B,placeholder,placeholder,B,Roan antelope,CM,,Hippotragus equinus,Match,0053 français-1
NT,placeholder,A,placeholder,placeholder,B,Striped Hyaena,CM,,Hyaena hyaena,Match,0053 français-1
LC,placeholder,A,Annex 1,placeholder,B,Spotted heyna,CM,,Crocuta crocuta,Typo,0053 français-1
LC,Annex 2,B,Annex 1,Annex 1,B,Giant forest hog,CM,,Hylochoerus meinertzhageni,Match,0053 français-1
LC,placeholder,B,placeholder,placeholder,B,Wart hog,CM,,Phacochoerus africanus,Match,0053 français-1
LC,Annex 2,B,Annex 2A,Annex 2,B,Bush pig,CM,,Potamochoerus porcus,Match,0053 français-1
LC,Annex 2,B,placeholder,placeholder,B,Bohar Reedbuck,CM,,Redunca redunca,Match,0053 français-1
LC,placeholder,placeholder,placeholder,placeholder,B,African Sand Fox,CM,,Vulpes pallida,Match,0053 français-1
LC,Annex 2,B,Annex 2A,Annex 1,B,Sitatunga,CM,,Tragelaphus spekii,Typo,0053 français-1
DD,placeholder,placeholder,placeholder,placeholder,B,Forest Horseshoe Bat,CM,,Rhinolophus silvestris,Not extant in country,0053 français-1
DD,placeholder,placeholder,placeholder,placeholder,B,Parisi's Sllit-faced Bat,CM,,Nycteris parisii,Typo,0053 français-1
DD,placeholder,placeholder,placeholder,placeholder,B,Dieter's Mouse-eared Bat,CM,,Myotis dieteri,Not extant in country,0053 français-1
EN,placeholder,placeholder,placeholder,placeholder,B,Short-tailed Roundleaf Bat,CM,,Hipposideros curtus,Match,0053 français-1
NT,Annex 2,placeholder,placeholder,placeholder,B,Large-eared Free-tailed Bat,CM,,Otomops martiensseni,Not extant in country,0053 français-1
DD,placeholder,placeholder,placeholder,placeholder,B,Greater Roundleaf Bat,CM,,Hipposideros camerunensis,Match,0053 français-1
DD,placeholder,placeholder,placeholder,placeholder,B,Daubenton's Free-tailed Bat,CM,,Myopterus daubentonii,Not extant in country,0053 français-1
VU,placeholder,placeholder,placeholder,placeholder,B,Common Bentwing Bat,CM,,Miniopterus schreibersii,Not extant in country,0053 français-1
DD,placeholder,placeholder,placeholder,placeholder,B,Russet Free-tailed Bat,CM,,Chaerephon russatus,Re-classified,0053 français-1
DD,placeholder,placeholder,placeholder,placeholder,B,Trevor's Free-tailed Bat,CM,,Mops trevori,Not extant in country,0053 français-1
DD,Annex 1,placeholder,placeholder,placeholder,B,"Dja Slit-faced Bat,",CM,,Nycteris major,Match,0053 français-1
DD,Annex 2,placeholder,placeholder,placeholder,B,Hayman's Dwarf Epauletted Fruit Bat,CM,,Micropteropus intermedius,Not extant in country,0053 français-1
DD,placeholder,placeholder,placeholder,placeholder,B,Curry's Bat,CM,,Glauconycteris curryae,Match,0053 français-1
DD,placeholder,placeholder,placeholder,placeholder,B,Bibundi Bat,CM,,Glauconycteris egeria,Typo,0053 français-1
DD,placeholder,placeholder,placeholder,placeholder,B,Glen's Wattled Bat,CM,,Glauconycteris gleni,Match,0053 français-1
DD,placeholder,placeholder,placeholder,placeholder,B,Copper Woolly Bat,CM,,Kerivoula cuprosa,Match,0053 français-1
DD,placeholder,placeholder,placeholder,placeholder,B,Least Long-fingered Bat,CM,,Miniopterus minor,Not extant in country,0053 français-1
DD,placeholder,placeholder,placeholder,placeholder,B,Eisentraut's Pipistrelle,CM,,Hypsugo eisentrauti,Re-classified,0053 français-1
DD,placeholder,placeholder,placeholder,placeholder,B,Yellow Serotine,CM,,Neoromicia flavescens,Re-classified,0053 français-1
DD,placeholder,placeholder,placeholder,placeholder,B,Aellen's Pipistrelle,CM,,Pipistrellus inexspectatus,Match,0053 français-1
DD,placeholder,placeholder,placeholder,placeholder,B,Mouselike Pipistrelle,CM,,Hypsugo musciculus,Re-classified,0053 français-1
DD,placeholder,placeholder,placeholder,placeholder,B,Light-winged Lesser House Bat,CM,,Scotoecus albofuscus,Not extant in country,0053 français-1
DD,placeholder,placeholder,placeholder,placeholder,B,Ugandan Musk Shrew,CM,,Crocidura mutesae,Not extant in country,0053 français-1
LC,placeholder,placeholder,placeholder,placeholder,B,Mamfe Shrew,CM,,Crocidura virgata,Match,0053 français-1
DD,placeholder,placeholder,placeholder,placeholder,B,Kongana Shrew,CM,,Sylvisorex konganensis,Not extant in country,0053 français-1
DD,placeholder,placeholder,placeholder,placeholder,B,Pohle's Fruit Bat,CM,,Casinycteris campomaanensis,Re-classified,0053 français-1
NT,Annex 1,A,placeholder,placeholder,B,Speckle-throated Otter,CM,,Hydrictis maculicollis,Re-classified,0053 français-1
LC,Annex 1,A,placeholder,placeholder,B,Giant Otter Shrew,CM,,Potamogale velox,Match,0053 français-1
DD,placeholder,placeholder,placeholder,placeholder,B,Sea Cucumbers,CM,,Holothuria arenicola,Incomplete entry,0053 français-1
LC,Annex 2,placeholder,placeholder,placeholder,B,Booted Eagle,CM,,Hieraaetus pennatus,Match,0053 français-1
NT,placeholder,placeholder,placeholder,placeholder,B,Crowned Eagle,CM,,Stephanoaetus coronatus,Match,0053 français-1
VU,placeholder,placeholder,placeholder,placeholder,B,Greater Spotted Eagle,CM,,Clanga clanga,Re-classified,0053 français-1
LC,Annex 2,placeholder,placeholder,placeholder,B,Ayres's Hawk Eagle,CM,,Hieraaetus ayresii,Match,0053 français-1
LC,Annex 2,placeholder,placeholder,placeholder,B,Cassin's Hawk Eagle,CM,,Aquila africana,Re-classified,0053 français-1
LC,placeholder,placeholder,placeholder,placeholder,B,Wahlberg's Eagle,CM,,Hieraaetus wahlbergi,Re-classified,0053 français-1
EN,Annex 2,placeholder,placeholder,placeholder,B,Steppe Eagle,CM,,Aquila nipalensis,Match,0053 français-1
LC,Annex 2,placeholder,placeholder,placeholder,B,African Hawk Eagle,CM,,Aquila spilogaster,Re-classified,0053 français-1
LC,Annex 2,placeholder,Annex 1,placeholder,B,Long-crested Eagle,CM,,Lophaetus occipitalis,Match,0053 français-1
EN,Annex 2,placeholder,placeholder,placeholder,B,Martial Eagle,CM,,Polemaetus bellicosus,Match,0053 français-1
LC,placeholder,placeholder,placeholder,placeholder,B,Lesser Spotted Eagle,CM,,Clanga pomarina,Re-classified,0053 français-1
LC,placeholder,placeholder,placeholder,placeholder,B,Bamenda Apalis,CM,,Apalis bamendae,Match,0053 français-1
LC,Annex 2,placeholder,placeholder,placeholder,B,Chestnut-flanked Sparrowhawk,CM,,Accipiter castanilius,Match,0053 français-1
LC,Annex 2,placeholder,placeholder,placeholder,B,Long-tailed Hawk,CM,,Urotriorchis macrourus,Match,0053 français-1
LC,placeholder,placeholder,placeholder,placeholder,B,Gabar Goshawk,CM,,Micronisus gabar,Match,0053 français-1
LC,Annex 2,A,placeholder,placeholder,B,Black Sparrowhawk,CM,,Accipiter melanoleucus,Match,0053 français-1
LC,Annex 2,placeholder,placeholder,placeholder,B,Dark Chanting Goshawk,CM,,Melierax metabates,Match,0053 français-1
LC,Annex 2,placeholder,placeholder,placeholder,B,Lizard Buzzard,CM,,Kaupifalco monogrammicus,Match,0053 français-1
LC,Annex 2,placeholder,placeholder,placeholder,B,Osprey,CM,,Pandion haliaetus,Match,0053 français-1
LC,Annex 2,placeholder,placeholder,placeholder,B,African Cuckoo Hawk,CM,,Aviceda cuculoides,Match,0053 français-1
LC,placeholder,placeholder,placeholder,placeholder,B,African Openbill Stork,CM,,Anastomus lamelligerus,Match,0053 français-1
LC,Annex 2,placeholder,placeholder,placeholder,B,Honey Buzzard,CM,,Pernis apivorus,Match,0053 français-1
VU,Annex 1,A,placeholder,placeholder,B,Abyssinian ground Hornbill,CM,,Bucorvus abyssinicus,Match,0053 français-1
LC,placeholder,placeholder,placeholder,placeholder,B,Grey-throated Greenbul,CM,,Arizelocichla tephrolaema,Re-classified,0053 français-1
LC,placeholder,placeholder,placeholder,placeholder,B,Cameroon Olive Greenbul,CM,,Phyllastrephus poensis,Match,0053 français-1
LC,Annex 2,placeholder,placeholder,placeholder,B,Montagu's Harrier,CM,,Circus pygargus,Match,0053 français-1
LC,Annex 2,placeholder,placeholder,placeholder,B,European Marsh Harrier,CM,,Circus aeruginosus,Match,0053 français-1
LC,Annex 2,placeholder,placeholder,placeholder,B,Grasshopper Buzzard,CM,,Butastur rufipennis,Match,0053 français-1
LC,Annex 2,placeholder,placeholder,placeholder,B,Red-necked Buzzard,CM,,Buteo auguralis,Match,0053 français-1
LC,placeholder,placeholder,placeholder,placeholder,B,Long-legged Buzzard,CM,,Buteo rufinus,Match,0053 français-1
LC,Annex 2,placeholder,placeholder,placeholder,B,Common Buzzard,CM,,Buteo buteo,Match,0053 français-1
LC,Annex 2,C,Annex 2A,placeholder,B,Knob-billed Duck,CM,,Sarkidiornis melanotos,Match,0053 français-1
LC,placeholder,C,placeholder,placeholder,B,Hartlaub's Duck,CM,,Pteronetta hartlaubii,Match,0053 français-1
LC,Annex 2,placeholder,placeholder,placeholder,B,Red-chested Owlet,CM,,Glaucidium tephronotum,Match,0053 français-1
LC,Annex 2,placeholder,placeholder,placeholder,B,Sjöstedt's Barred Owlet,CM,,Glaucidium sjostedti,Match,0053 français-1
LC,Annex 2,placeholder,placeholder,placeholder,B,African Barred Owlet,CM,,Glaucidium capense,Not extant in country,0053 français-1
LC,Annex 2,placeholder,placeholder,placeholder,B,Pearl-spotted Owlet,CM,,Glaucidium perlatum,Match,0053 français-1
LC,Annex 2,placeholder,placeholder,placeholder,B,African Wood Owl,CM,,Strix woodfordii,Match,0053 français-1
LC,Annex 2,placeholder,placeholder,placeholder,B,Vermiculated Fishing Owl,CM,,Scotopelia bouvieri,Typo,0053 français-1
LC,Annex 2,placeholder,Annex 1,placeholder,B,Pel's Fishing Owl,CM,,Scotopelia peli,Match,0053 français-1
LC,Annex 2,placeholder,placeholder,placeholder,B,Western Banded Snake Eagle,CM,,Circaetus cinerascens,Match,0053 français-1
LC,placeholder,placeholder,placeholder,placeholder,B,Brown-backed Cisticola,CM,,Cisticola chubbi,Re-classified,0053 français-1
LC,placeholder,placeholder,placeholder,placeholder,B,Mountain Robin-Chat,CM,,Cossyphicula isabellae,Re-classified,0053 français-1
LC,Annex 2,placeholder,placeholder,placeholder,B,Fox Kestrel,CM,,Falco alopex,Match,0053 français-1
LC,placeholder,placeholder,placeholder,placeholder,B,Northern Puffback,CM,,Dryoscopus gambensis,Match,0053 français-1
LC,placeholder,placeholder,placeholder,placeholder,B,Little Oliveback,CM,,Nesocharis shelleyi,Match,0053 français-1
DD,Annex 2,placeholder,placeholder,placeholder,B,Maned Owl,CM,,Jubula lettii,Match,0053 français-1
LC,Annex 2,placeholder,placeholder,placeholder,B,African Grass Owl,CM,,Tyto capensis,Match,0053 français-1
LC,Annex 2,placeholder,placeholder,placeholder,B,Barn Owl,CM,,Tyto alba,Match,0053 français-1
LC,Annex 2,placeholder,placeholder,placeholder,B,Black-shouldered Kite,CM,,Elanus caeruleus,Match,0053 français-1
LC,placeholder,placeholder,placeholder,placeholder,B,African Swallow-tailed Kite,CM,,Chelictinia riocourii,Match,0053 français-1
LC,Annex 2,placeholder,placeholder,placeholder,B,Brown Nightjar,CM,,Veles binotatus,Re-classified,0053 français-1
LC,Annex 2,placeholder,placeholder,placeholder,B,Bates's Nightjar,CM,,Caprimulgus batesi,Match,0053 français-1
LC,Annex 2,placeholder,placeholder,placeholder,B,Swamp Nightjar,CM,,Caprimulgus natalensis,Match,0053 français-1
LC,Annex 2,placeholder,placeholder,placeholder,B,Western Little Sparrowhawk,CM,,Accipiter erythropus,Match,0053 français-1
LC,Annex 2,placeholder,placeholder,placeholder,B,Ovambo Sparrowhawk,CM,,Accipiter ovampensis,Match,0053 français-1
LC,Annex 2,placeholder,placeholder,placeholder,B,Shikra,CM,,Accipiter badius,Match,0053 français-1
LC,Annex 2,placeholder,placeholder,placeholder,B,Grey Kestrel,CM,,Falco ardosiaceus,Match,0053 français-1
LC,placeholder,placeholder,placeholder,placeholder,B,Red-necked Falcon,CM,,Falco ruficollis,Not extant in country && Typo && Re-classified,0053 français-1
LC,Annex 2,placeholder,placeholder,placeholder,B,Common Kestrel,CM,,Falco tinnunculus,Match,0053 français-1
LC,Annex 2,placeholder,Annex 1,placeholder,B,Lesser Kestrel,CM,,Falco naumanni,Match,0053 français-1
LC,Annex 2,placeholder,placeholder,placeholder,B,African Hobby,CM,,Falco cuvierii,Match,0053 français-1
LC,Annex 2,placeholder,placeholder,placeholder,B,Euuropean Hobby,CM,,Falco subbuteo,Match,0053 français-1
VU,Annex 2,placeholder,placeholder,placeholder,B,Red-footed Falcon,CM,,Falco vespertinus,Match,0053 français-1
LC,Annex 2,placeholder,placeholder,placeholder,B,Lanner Falcon,CM,,Falco biarmicus,Match,0053 français-1
LC,placeholder,placeholder,placeholder,placeholder,B,Peregrine Falcon,CM,,Falco peregrinus,Match,0053 français-1
EN,placeholder,placeholder,placeholder,placeholder,B,Saker Falcon,CM,,Falco cherrug,Match,0053 français-1
LC,placeholder,placeholder,placeholder,placeholder,B,Yellow-breasted Boubou,CM,,Laniarius atroflavus,Match,0053 français-1
LC,Annex 2,placeholder,placeholder,placeholder,B,Fraser's Eagle Owl,CM,,Bubo poensis,Match,0053 français-1
LC,Annex 2,placeholder,Annex 1,placeholder,B,Spotted Eagle Owl,CM,,Bubo africanus,Not extant in country,0053 français-1
LC,Annex 2,placeholder,placeholder,placeholder,B,Shelley's Eagle Owl,CM,,Bubo shelleyi,Match,0053 français-1
LC,Annex 2,placeholder,placeholder,placeholder,B,Verreaux's Eagle Owl,CM,,Bubo lacteus,Match,0053 français-1
LC,Annex 2,placeholder,placeholder,placeholder,B,Akun Eagle Owl,CM,,Bubo leucostictus,Match,0053 français-1
LC,Annex 2,placeholder,placeholder,placeholder,B,African Harrier Hawk,CM,,Polyboroides typus,Typo,0053 français-1
LC,Annex 2,placeholder,placeholder,placeholder,B,Marsh Owl,CM,,Asio capensis,Match,0053 français-1
LC,placeholder,placeholder,placeholder,placeholder,B,Forest Swallow,CM,,Atronanus fuliginosus,Re-classified,0053 français-1
LC,Annex 2,placeholder,placeholder,placeholder,B,Red-headed Lovebird,CM,,Agapornis pullarius,Match,0053 français-1
LC,placeholder,placeholder,placeholder,placeholder,B,Oriole Finch,CM,,Linurgus olivaceus,Match,0053 français-1
LC,placeholder,placeholder,placeholder,placeholder,B,Rachel's Malimbe,CM,,Malimbus racheliae,Match,0053 français-1
LC,placeholder,placeholder,placeholder,placeholder,B,Bates's Swift,CM,,Apus batesi,Match,0053 français-1
LC,placeholder,placeholder,placeholder,placeholder,B,Black Spinetail,CM,,Telacanthura melanopygia,Match,0053 français-1
DD,placeholder,placeholder,placeholder,placeholder,B,Fernando Po Swift,CM,,Apus sladeniae,Match,0053 français-1
LC,placeholder,placeholder,placeholder,placeholder,B,Scace Swift,CM,,Schoutedenapus myoptilus,Match,0053 français-1
LC,placeholder,placeholder,placeholder,placeholder,B,African black Swift,CM,,Apus barbatus,Match,0053 français-1
LC,placeholder,placeholder,placeholder,placeholder,B,Horus Swift,CM,,Apus horus,Match,0053 français-1
LC,Annex 2,placeholder,placeholder,placeholder,B,Bat Hawk,CM,,Macheiramphus alcinus,Match,0053 français-1
LC,Annex 2,A,placeholder,placeholder,B,Black-bellied Bustard,CM,,Lissotis melanogaster,Match,0053 français-1
NT,placeholder,A,placeholder,placeholder,B,Arabian Bustard,CM,,Ardeotis arabs,Match,0053 français-1
LC,placeholder,placeholder,placeholder,placeholder,B,Savile's Bustard,CM,,Lophotis savilei,Match,0053 français-1
LC,Annex 2,A,placeholder,placeholder,B,White-bellied Bustard,CM,,Eupodotis senegalensis,Match,0053 français-1
LC,Annex 2,placeholder,Annex 1,Annex 2,B,Palm-nut Vulture,CM,,Gypohierax angolensis,Match,0053 français-1
LC,Annex 2,B,placeholder,placeholder,B,Meyer's parrot,CM,,Poicephalus meyeri,Match,0053 français-1
LC,Annex 2,B,placeholder,placeholder,B,Niam Niam Parrot,CM,,Poicephalus crassus,Not extant in country,0053 français-1
LC,placeholder,B,placeholder,placeholder,B,Senegal Parrot,CM,,Poicephalus senegalus,Match,0053 français-1
LC,Annex 2,placeholder,placeholder,placeholder,B,Sandy Scops Owl,CM,,Otus icterorhynchus,Match,0053 français-1
LC,Annex 2,placeholder,placeholder,placeholder,B,White-faced Scops Owl,CM,,Ptilopsis leucotis,Re-classified,0053 français-1
LC,Annex 2,placeholder,placeholder,placeholder,B,European Scops Owl,CM,,Otus scops,Match,0053 français-1
LC,placeholder,placeholder,placeholder,placeholder,B,Cameroon Olive Pigeon,CM,,Columba sjostedti,Match,0053 français-1
LC,placeholder,C,placeholder,placeholder,B,Black Guineafowl,CM,,Agelastes niger,Typo,0053 français-1
LC,placeholder,placeholder,placeholder,placeholder,B,Green Longtail,CM,,Urolais epichlorus,Re-classified,0053 français-1
LC,Annex 2,placeholder,Annex 1,placeholder,B,African Fish Eagle,CM,,Haliaeetus vocifer,Match,0053 français-1
LC,placeholder,placeholder,placeholder,placeholder,B,Cameroon Blue-headed Sunbird,CM,,Cyanomitra oritis,Re-classified,0053 français-1
LC,placeholder,B,placeholder,Annex 2,B,African Spoonbill,CM,,Platalea alba,Match,0053 français-1
LC,Annex 2,placeholder,Annex 2A,placeholder,B,Yellow-billed Turaco,CM,,Tauraco macrorhynchus,Match,0053 français-1
LC,Annex 2,B,placeholder,placeholder,B,White-crested Turaco,CM,,Tauraco leucolophus,Match,0053 français-1
LC,placeholder,B,placeholder,placeholder,B,Ross's Turaco,CM,,Musophaga rossae,Match,0053 français-1
CR,Annex 1,placeholder,placeholder,placeholder,B,White-headed Vulture,CM,,Trigonoceps occipitalis,Match,0053 français-1
CR,Annex 2,A,placeholder,placeholder,B,African White-backed Vulture,CM,,Gyps africanus,Match,0053 français-1
CR,Annex 2,placeholder,placeholder,placeholder,B,Hooded Vulture,CM,,Necrosyrtes monachus,Match,0053 français-1
CR,Annex 2,placeholder,placeholder,placeholder,B,Rüppell's Vulture,CM,,Gyps rueppellii,Match,0053 français-1
EN,Annex 2,placeholder,placeholder,placeholder,B,Egyptian Vulture,CM,,Neophron percnopterus,Match,0053 français-1
LC,placeholder,placeholder,placeholder,placeholder,B,Agama lizard,CM,,Agama anchietae,Not extant in country && Re-classified,0053 français-1
LC,placeholder,placeholder,placeholder,placeholder,B,Müller's sand boa,CM,,Eryx muelleri,Re-classified,0053 français-1
LC,Annex 2,placeholder,placeholder,placeholder,B,Owen's three-horned chamaleon,CM,,Trioceros oweni,Re-classified,0053 français-1
LC,Annex 2,placeholder,placeholder,placeholder,B,Flap necked chamaleon,CM,,Chamaeleo dilepis,Refined from subspecies,0053 français-1
LC,placeholder,placeholder,placeholder,placeholder,B,Crested chamaleon,CM,,Trioceros cristatus,Re-classified,0053 français-1
LC,placeholder,placeholder,placeholder,placeholder,B,African chameleon,CM,,Chamaeleo africanus,Match,0053 français-1
NT,placeholder,placeholder,placeholder,placeholder,B,Cameroon saiffin chamaleon,CM,,Trioceros montium,Re-classified,0053 français-1
DD,placeholder,placeholder,placeholder,placeholder,B,Mount Lefo chamaleon,CM,,Trioceros wiedersheimi,Typo && Re-classified,0053 français-1
LC,placeholder,placeholder,placeholder,placeholder,B,Cameroon chameleon,CM,,Trioceros camerunensis,Re-classified,0053 français-1
LC,placeholder,placeholder,placeholder,placeholder,B,Senegal chamaleon,CM,,Chamaeleo senegalensis,Match,0053 français-1
LC,Annex 2,placeholder,placeholder,placeholder,B,Graceful chamaleon,CM,,Chamaeleo gracilis,Refined from subspecies,0053 français-1
LC,placeholder,placeholder,placeholder,placeholder,B,Dwarf chamaleon,CM,,Rhampholeon spectrum,Refined from subspecies,0053 français-1
NT,placeholder,placeholder,placeholder,placeholder,B,Cnemaspis gigas,CM,,Cnemaspis dilepis,Match,0053 français-1
LC,placeholder,placeholder,placeholder,placeholder,B,Black cobra,CM,,Naja nigricollis,Refined from subspecies,0053 français-1
LC,placeholder,placeholder,placeholder,placeholder,B,Spitting cobra,CM,,Naja katiensis,Match,0053 français-1
LC,placeholder,placeholder,placeholder,placeholder,B,Black mamba,CM,,Naja melanoleuca,Match,0053 français-1
LC,placeholder,placeholder,placeholder,placeholder,B,Egyptian cobra,CM,,Naja haje,Refined from subspecies,0053 français-1
LC,placeholder,placeholder,placeholder,placeholder,B,Burrowing cobra,CM,,Naja multifasciata,Re-classified,0053 français-1
LC,placeholder,placeholder,placeholder,placeholder,B,Green cobra,CM,,Pseudohaje goldii,Match,0053 français-1
LC,placeholder,placeholder,placeholder,placeholder,B,African fatty tail Gecko,CM,,Hemitheconyx caudicinctus,Match,0053 français-1
EN,placeholder,placeholder,placeholder,placeholder,B,Aboreal Gecko,CM,,Urocotyledon weileri,Match,0053 français-1
DD,placeholder,placeholder,placeholder,placeholder,B,Palm dwelling Gecko,CM,,Urocotyledon palmata,Typo,0053 français-1
LC,placeholder,placeholder,placeholder,placeholder,B,,CM,,Broadleysaurus major,Re-classified,0053 français-1
CR,Annex 2,placeholder,placeholder,placeholder,B,Kinixys,CM,,Kinixys homeana,Match,0053 français-1
DD,Annex 2,placeholder,placeholder,placeholder,B,Common tortoise,CM,,Kinixys erosa,Match,0053 français-1
LC,placeholder,placeholder,placeholder,placeholder,B,Stone lygodactyle,CM,,Lygodactylus gutturalis,Typo,0053 français-1
LC,Annex 2,placeholder,placeholder,placeholder,B,African burrowing python,CM,,Calabaria reinhardtii,Typo,0053 français-1
NT,Annex 2,B,Annex 2A,Annex 2,B,African python,CM,,Python sebae,Refined from subspecies,0053 français-1
LC,Annex 2,B,placeholder,placeholder,B,Royal python,CM,,Python regius,Match,0053 français-1
DD,placeholder,placeholder,placeholder,placeholder,B,African snake eyed skink,CM,,Panaspis duruarum,Re-classified,0053 français-1
NT,placeholder,placeholder,placeholder,placeholder,B,Striped skink,CM,,Leptosiaphos vigintiserierum,Typo,0053 français-1
VU,placeholder,placeholder,placeholder,placeholder,B,Amiet skink,CM,,Leptosiaphos amieti,Typo,0053 français-1
NT,placeholder,placeholder,placeholder,placeholder,B,Chris wild skink,CM,,Lacertaspis chriswildi,Match,0053 français-1
DD,placeholder,placeholder,placeholder,placeholder,B,Fuhn skink,CM,,Leptosiaphos fuhni,Typo,0053 français-1
DD,placeholder,placeholder,placeholder,placeholder,B,Koutou skink,CM,,Leptosiaphos koutoui,Typo,0053 français-1
EN,placeholder,placeholder,placeholder,placeholder,B,Paulian skink,CM,,Leptosiaphos pauliani,Typo,0053 français-1
VU,placeholder,placeholder,placeholder,placeholder,B,Yellow and purple skink,CM,,Leptosiaphos ianthinoxantha,Typo,0053 français-1
,placeholder,placeholder,placeholder,placeholder,B,Bell's hinged tortoise,CM,,,Unknown entry,0053 français-1
VU,placeholder,placeholder,placeholder,placeholder,B,Senegal turtule,CM,,Cyclanorbis senegalensis,Match,0053 français-1
CR,placeholder,placeholder,placeholder,placeholder,B,Elegant turtule,CM,,Cyclanorbis elegans,Match,0053 français-1
LC,Annex 2,A,placeholder,placeholder,B,African savanna monitor,CM,,Varanus exanthematicus,Match,0053 français-1
LC,Annex 2,A,placeholder,Annex 2,B,African small-grain lizard,CM,,Varanus niloticus,Match,0053 français-1
EN,placeholder,placeholder,placeholder,placeholder,B,Buea Small-tongue Toad,CM,,Werneria preussi,Match,0053 français-1
CR,placeholder,placeholder,placeholder,placeholder,B,Mertens Small-tongue Toad,CM,,Werneria mertensiana,Match,0053 français-1
EN,placeholder,placeholder,placeholder,placeholder,B,Submountain Small-tongue Toad,CM,,Werneria submontana,Match,0053 français-1
CR,placeholder,placeholder,placeholder,placeholder,B,Tandyi Small-tongue Toad,CM,,Werneria tandyi,Match,0053 français-1
CR,placeholder,placeholder,placeholder,placeholder,B,Bamboutos Small-tongue Toad,CM,,Werneria bambutensis,Match,0053 français-1
VU,placeholder,placeholder,placeholder,placeholder,B,Four-digit Toad,CM,,Didynamipus sjostedti,Match,0053 français-1
VU,placeholder,placeholder,placeholder,placeholder,B,Villier's Toad,CM,,Sclerophrys villiersi,Re-classified,0053 français-1
EN,placeholder,placeholder,placeholder,placeholder,B,Highland Long-fingered frog,CM,,Cardioglossa venusta,Match,0053 français-1
CR,placeholder,placeholder,placeholder,placeholder,B,Puddle Frog,CM,,Phrynobatrachus chukuchuku,Match,0053 français-1
VU,placeholder,placeholder,placeholder,placeholder,B,White-lipped Frog,CM,,Amnirana asperrima,Re-classified,0053 français-1
EN,placeholder,placeholder,placeholder,placeholder,B,Perret's Squeaker Frog,CM,,Arthroleptis perreti,Match,0053 français-1
CR,placeholder,placeholder,placeholder,placeholder,B,Nganha's Night frog,CM,,Astylosternus nganhanus,Match,0053 français-1
EN,placeholder,placeholder,placeholder,placeholder,B,Mertens' Egg Frog,CM,,Leptodactylodon mertensi,Match,0053 français-1
EN,placeholder,placeholder,placeholder,placeholder,B,Perret's Egg Frog,CM,,Leptodactylodon perreti,Match,0053 français-1
CR,placeholder,placeholder,placeholder,placeholder,B,Wlid Egg frog,CM,,Leptodactylodon wildi,Match,0053 français-1
EN,placeholder,placeholder,placeholder,placeholder,B,Ornate Egg Frog,CM,,Leptodactylodon ornatus,Match,0053 français-1
EN,placeholder,placeholder,placeholder,placeholder,B,Rocky River Frog,CM,,Petropedetes juliawurstnerae,Match,0053 français-1
EN,placeholder,placeholder,placeholder,placeholder,B,Rocky River Frog,CM,,Petropedetes euskircheni,Match,0053 français-1
EN,placeholder,placeholder,placeholder,placeholder,B,Reed frog,CM,,Arlequinus krebsi,Match,0053 français-1
VU,placeholder,placeholder,placeholder,placeholder,B,Rocky River Frog,CM,,Petropedetes palmipes,Match,0053 français-1
CR,placeholder,placeholder,placeholder,placeholder,B,Rocky River Frog,CM,,Petropedetes perreti,Match,0053 français-1
LC,placeholder,placeholder,placeholder,placeholder,B,Rocky River Frog,CM,,Petropedetes vulpiae,Typo,0053 français-1
EN,,,,,Annex 1,,CD,Pan troglodytes ssp. schweinfurthii,,Additional species or subspecies extant in country,DRC_protected_species.pdf
EN,,,,,Annex 1,,CD,Pan paniscus,,Typo,DRC_protected_species.pdf
EN,,,,,Annex 1,,CD,Gorilla beringei ssp. beringei,,Typo,DRC_protected_species.pdf
CR,,,,,Annex 1,,CD,Gorilla beringei ssp. graueri,,Typo,DRC_protected_species.pdf
VU,,,,,Annex 1,,CD,Colobus angolensis ssp. angolensis,,Refined to subspecies,DRC_protected_species.pdf
VU,,,,,Annex 1,,CD,Colobus angolensis ssp. cordieri,,Additional species or subspecies extant in country,DRC_protected_species.pdf
VU,,,,,Annex 1,,CD,Colobus angolensis ssp. cottoni,,Additional species or subspecies extant in country,DRC_protected_species.pdf
EN,,,,,Annex 1,,CD,Colobus angolensis ssp. prigoginei,,Additional species or subspecies extant in country,DRC_protected_species.pdf
DD,,,,,Annex 1,,CD,Colobus angolensis ssp. ruwenzorii,,Additional species or subspecies extant in country,DRC_protected_species.pdf
EN,,,,,Annex 1,,CD,Piliocolobus badius,,Not extant in country && Re-classified,DRC_protected_species.pdf
EN,,,,,Annex 1,,CD,Piliocolobus parmentieri,,Additional species or subspecies extant in country,DRC_protected_species.pdf
EN,,,,,Annex 1,,CD,Piliocolobus foai,,Additional species or subspecies extant in country,DRC_protected_species.pdf
EN,,,,,Annex 1,,CD,Piliocolobus langi,,Additional species or subspecies extant in country,DRC_protected_species.pdf
EN,,,,,Annex 1,,CD,Piliocolobus tephrosceles,,Additional species or subspecies extant in country,DRC_protected_species.pdf
VU,,,,,Annex 1,,CD,Piliocolobus tholloni,,Additional species or subspecies extant in country,DRC_protected_species.pdf
EN,,,,,Annex 1,,CD,Piliocolobus lulindicus,,Additional species or subspecies extant in country,DRC_protected_species.pdf
VU,,,,,Annex 1,,CD,Piliocolobus semlikiensis,,Additional species or subspecies extant in country,DRC_protected_species.pdf
VU,,,,,Annex 1,,CD,Piliocolobus oustaleti,,Additional species or subspecies extant in country,DRC_protected_species.pdf
LC,,,,,Annex 1,,CD,Colobus guereza ssp. occidentalis,,Refined to subspecies,DRC_protected_species.pdf
VU,,,,,Annex 1,,CD,Cercopithecus hamlyni,,Match,DRC_protected_species.pdf
VU,,,,,Annex 1,,CD,Cercopithecus mitis ssp. mitis,,Not extant in country && Typo,DRC_protected_species.pdf
EN,,,,,Annex 1,,CD,Cercopithecus mitis ssp. kandtii,,Typo,DRC_protected_species.pdf
CR,,,,,Annex 1,,CD,Ceratotherium simum ssp. cottoni,,Refined to subspecies,DRC_protected_species.pdf
CR,,,,,Annex 1,,CD,Diceros bicornis ssp. minor,,Extinct in country,DRC_protected_species.pdf
LC,,,,,Annex 1,,CD,Rhynchocyon cirnei,,Match,DRC_protected_species.pdf
NT,,,,,Annex 1,,CD,Equus quagga,,Re-classified,DRC_protected_species.pdf
EN,,,,,Annex 1,,CD,Okapia johnstoni,,Match,DRC_protected_species.pdf
LC,,,,,Annex 1,,CD,Aepyceros melampus,,Not extant in country,DRC_protected_species.pdf
LC,,,,,Annex 1,,CD,Tragelaphus strepsiceros,,Match,DRC_protected_species.pdf
LC,,,,,Annex 1,,CD,Oreotragus oreotragus,,Match,DRC_protected_species.pdf
LC,,,,,Annex 1,,CD,Tragelaphus oryx,,Re-classified,DRC_protected_species.pdf
LC,,,,,Annex 1,,CD,Hippotragus niger,,Match,DRC_protected_species.pdf
CR,,,,,Annex 1,,CD,Kobus leche ssp. anselli,,Re-classified && Refined to subspecies,DRC_protected_species.pdf
NT,,,,,Annex 1,,CD,Crocidura kivuana,,Match,DRC_protected_species.pdf
VU,,,,,Annex 1,,CD,Crocidura lanosa,,Match,DRC_protected_species.pdf
EN,,,,,Annex 1,,CD,Crocidura stenocephala,,Typo,DRC_protected_species.pdf
EN,,,,,Annex 1,,CD,Crocidura tarella,,Typo,DRC_protected_species.pdf
VU,,,,,Annex 1,,CD,Ruwenzorisorex suncoides,,Match,DRC_protected_species.pdf
EN,,,,,Annex 1,,CD,Myosorex blarina,,Typo,DRC_protected_species.pdf
LC,,,,,Annex 1,,CD,Micropotamogale ruwenzorii,,Typo,DRC_protected_species.pdf
LC,,,,,Annex 1,,CD,Procavia capensis,,Match,DRC_protected_species.pdf
LC,,,,,Annex 1,,CD,Heterohyrax brucei,,Re-classified,DRC_protected_species.pdf
DD,,,,,Annex 1,,CD,Chaerephon gallagheri,,Match,DRC_protected_species.pdf
LC,,,,,Annex 1,,CD,Glauconycteris superba,,Re-classified,DRC_protected_species.pdf
DD,,,,,Annex 1,,CD,Myotis morrisi,,Not extant in country,DRC_protected_species.pdf
NT,,,,,Annex 1,,CD,Genetta piscivora,,Re-classified,DRC_protected_species.pdf
EN,,,,,Annex 1,,CD,Oxyura maccoa,,Match,DRC_protected_species.pdf
NT,,,,,Annex 1,,CD,Afropavo congensis,,Typo,DRC_protected_species.pdf
NT,,,,,Annex 1,,CD,Glaucidium albertinum,,Match,DRC_protected_species.pdf
EN,,,,,Annex 1,,CD,Phodilus prigoginei,,Match,DRC_protected_species.pdf
VU,,,,,Annex 1,,CD,Pseudocalyptomena graueri,,Match,DRC_protected_species.pdf
DD,,,,,Annex 1,,CD,Pseudochelidon eurystomina,,Match,DRC_protected_species.pdf
VU,,,,,Annex 1,,CD,Prionops alberti,,Match,DRC_protected_species.pdf
VU,,,,,Annex 1,,CD,Bugeranus carunculatus,,Match,DRC_protected_species.pdf
VU,,,,,Annex 1,,CD,Caecobarbus geertsii,,Match,DRC_protected_species.pdf
EN,,,,,Annex 2,,CD,Chlorocebus dryas,,Re-classified,DRC_protected_species.pdf
LC,,,,,Annex 2,,CD,Cercopithecus ascanius,,Match,DRC_protected_species.pdf
NT,,,,,Annex 2,,CD,Cercopithecus cephus ssp. cephodes,,Refined to subspecies,DRC_protected_species.pdf
VU,,,,,Annex 2,,CD,Cercopithecus nictitans ssp. nictitans,,Refined to subspecies,DRC_protected_species.pdf
NT,,,,,Annex 2,,CD,Cercopithecus pogonias ssp. nigripes,,Refined to subspecies,DRC_protected_species.pdf
NT,,,,,Annex 2,,CD,Cercopithecus wolfi ssp. wolfi,,Refined to subspecies,DRC_protected_species.pdf
NT,,,,,Annex 2,,CD,Cercopithecus wolfi ssp. pyrogaster,,Additional species or subspecies extant in country,DRC_protected_species.pdf
VU,,,,,Annex 2,,CD,Cercopithecus wolfi ssp. elegans,,Additional species or subspecies extant in country,DRC_protected_species.pdf
LC,,,,,Annex 2,,CD,Allenopithecus nigroviridis,,Match,DRC_protected_species.pdf
LC,,,,,Annex 2,,CD,Chlorocebus aethiops,,Not extant in country && Typo,DRC_protected_species.pdf
VU,,,,,Annex 2,,CD,Erythrocebus patas ssp. pyrrhonotus,,Refined to subspecies,DRC_protected_species.pdf
NT,,,,,Annex 2,,CD,Lophocebus albigena ssp. johnstoni,,Refined to subspecies,DRC_protected_species.pdf
VU,,,,,Annex 2,,CD,Miopithecus talapoin,,Typo,DRC_protected_species.pdf
LC,,,,,Annex 2,,CD,Galago matschiei,,Match,DRC_protected_species.pdf
LC,,,,,Annex 2,,CD,Galago moholi,,Match,DRC_protected_species.pdf
LC,,,,,Annex 2,,CD,Galagoides demidoff,,Re-classified,DRC_protected_species.pdf
LC,,,,,Annex 2,,CD,Otolemur crassicaudatus,,Match,DRC_protected_species.pdf
LC,,,,,Annex 2,,CD,Arctocebus aureus,,Incomplete entry,DRC_protected_species.pdf
LC,,,,,Annex 2,,CD,Tragelaphus scriptus,,Match,DRC_protected_species.pdf
EN,,,,,Annex 2,,CD,Kobus megaceros,,Not extant in country,DRC_protected_species.pdf
LC,,,,,Annex 2,,CD,Kobus kob ssp. thomasi,,Additional species or subspecies extant in country,DRC_protected_species.pdf
LC,,,,,Annex 2,,CD,Philantomba monticola,,Re-classified,DRC_protected_species.pdf
LC,,,,,Annex 2,,CD,Redunca arundinum,,Match,DRC_protected_species.pdf
LC,,,,,Annex 2,,CD,Damaliscus lunatus ssp. lunatus,,Refined to subspecies,DRC_protected_species.pdf
VU,,,,,Annex 2,,CD,Damaliscus lunatus ssp. superstes,,Extinct in country,DRC_protected_species.pdf
VU,,,,,Annex 2,,CD,Damaliscus lunatus ssp. jimela,,Refined to subspecies,DRC_protected_species.pdf
LC,,,,,Annex 2,,CD,Alcelaphus buselaphus ssp. lichtensteinii,,Not extant in country,DRC_protected_species.pdf
EN,,,,,Annex 2,,CD,Alcelaphus buselaphus ssp. lelwel,,Refined to subspecies,DRC_protected_species.pdf
LC,,,,,Annex 2,,CD,Ourebia ourebi,,Match,DRC_protected_species.pdf
LC,,,,,Annex 2,,CD,Phacochoerus aethiopicus,,Not extant in country,DRC_protected_species.pdf
DD,,,,,Annex 2,,CD,Crocidura polia,,Match,DRC_protected_species.pdf
DD,,,,,Annex 2,,CD,Crocidura monax,,Not extant in country,DRC_protected_species.pdf
DD,,,,,Annex 2,,CD,Crocidura zimmeri,,Match,DRC_protected_species.pdf
DD,,,,,Annex 2,,CD,Crocidura planiceps,,Match,DRC_protected_species.pdf
DD,,,,,Annex 2,,CD,Sylvisorex oriundus,,Match,DRC_protected_species.pdf
DD,,,,,Annex 2,,CD,Congosorex polli,,Match,DRC_protected_species.pdf
DD,,,,,Annex 2,,CD,Myosorex schalleri,,Typo,DRC_protected_species.pdf
DD,,,,,Annex 2,,CD,Paracrocidura graueri,,Match,DRC_protected_species.pdf
DD,,,,,Annex 2,,CD,Mus callewaerti,,Match,DRC_protected_species.pdf
DD,,,,,Annex 2,,CD,Mus neavei,,Match,DRC_protected_species.pdf
LC,,,,,Annex 2,,CD,Praomys minor,,Match,DRC_protected_species.pdf
LC,,,,,Annex 2,,CD,Dendrohyrax arboreus,,Match,DRC_protected_species.pdf
DD,,,,,Annex 2,,CD,Mops niangarae,,Match,DRC_protected_species.pdf
LC,,,,,Annex 2,,CD,Glauconycteris alboguttata,,Re-classified,DRC_protected_species.pdf
NT,,,,,Annex 2,,CD,Eidolon helvum,,Typo,DRC_protected_species.pdf
LC,,,,,Annex 2,,CD,Hypsignathus monstrosus,,Typo,DRC_protected_species.pdf
LC,,,,,Annex 2,,CD,Plerotes anchietae,,Typo,DRC_protected_species.pdf
NT,,,,,Annex 2,,CD,Aonyx congicus,,Match,DRC_protected_species.pdf
VU,,,,,Annex 2,,CD,Smutsia temminckii,,Re-classified,DRC_protected_species.pdf
LC,,,,,Annex 2,,CD,Leptoptilos crumenifer,,Re-classified && Typo,DRC_protected_species.pdf
LC,,,,,Annex 2,,CD,Ardea alba,,Re-classified,DRC_protected_species.pdf
LC,,,,,Annex 2,,CD,Bubulcus ibis,,Match,DRC_protected_species.pdf
LC,,,,,Annex 2,,CD,Threskiornis aethiopicus,,Typo,DRC_protected_species.pdf
LC,,,,,Annex 2,,CD,Platalea leucorodia,,Typo,DRC_protected_species.pdf
LC,,,,,Annex 2,,CD,Egretta ardesiaca,,Match,DRC_protected_species.pdf
LC,,,,,Annex 2,,CD,Nisaetus cirrhatus,,Not extant in country && Re-classified,DRC_protected_species.pdf
LC,,,,,Annex 2,,CD,Accipiter brevipes,,Match,DRC_protected_species.pdf
LC,,,,,Annex 2,,CD,Accipiter minullus,,Match,DRC_protected_species.pdf
LC,,,,,Annex 2,,CD,Accipiter rufiventris,,Match,DRC_protected_species.pdf
LC,,,,,Annex 2,,CD,Accipiter tachiro,,Match,DRC_protected_species.pdf
LC,,,,,Annex 2,,CD,Accipiter toussenelii,,Match,DRC_protected_species.pdf
EN,,,,,Annex 2,,CD,Torgos tracheliotos,,Incomplete entry,DRC_protected_species.pdf
LC,,,,,Annex 2,,CD,Aquila verreauxii,,Match,DRC_protected_species.pdf
LC,,,,,Annex 2,,CD,Buteo augur,,Match,DRC_protected_species.pdf
NT,,,,,Annex 2,,CD,Buteo oreophilus,,Match,DRC_protected_species.pdf
LC,,,,,Annex 2,,CD,Circaetus cinereus,,Match,DRC_protected_species.pdf
LC,,,,,Annex 2,,CD,Circaetus pectoralis,,Match,DRC_protected_species.pdf
LC,,,,,Annex 2,,CD,Circus ranivorus,,Match,DRC_protected_species.pdf
LC,,,,,Annex 2,,CD,Dryotriorchis spectabilis,,Match,DRC_protected_species.pdf
CR,,,,,Annex 2,,CD,Gyps bengalensis,,Not extant in country,DRC_protected_species.pdf
VU,,,,,Annex 2,,CD,Gyps coprotheres,,Match,DRC_protected_species.pdf
LC,,,,,Annex 2,,CD,Gyps fulvus,,Not extant in country,DRC_protected_species.pdf
LC,,,,,Annex 2,,CD,Milvus migrans,,Match,DRC_protected_species.pdf
NT,,,,,Annex 2,,CD,Falco chicquera,,Not extant in country,DRC_protected_species.pdf
LC,,,,,Annex 2,,CD,Falco dickinsoni,,Match,DRC_protected_species.pdf
LC,,,,,Annex 2,,CD,Asio abyssinicus,,Match,DRC_protected_species.pdf
LC,,,,,Annex 2,,CD,Glaucidium castaneum,,Typo,DRC_protected_species.pdf
LC,,,,,Annex 2,,CD,Ptilopsis granti,,Re-classified,DRC_protected_species.pdf
LC,,,,,Annex 2,,CD,Caprimulgus pectoralis,,Match,DRC_protected_species.pdf
LC,,,,,Annex 2,,CD,Caprimulgus climacurus,,Match,DRC_protected_species.pdf
LC,,,,,Annex 2,,CD,Caprimulgus inornatus,,Typo,DRC_protected_species.pdf
LC,,,,,Annex 2,,CD,Caprimulgus fossii,,Match,DRC_protected_species.pdf
LC,,,,,Annex 2,,CD,Caprimulgus poliocephalus,,Match,DRC_protected_species.pdf
LC,,,,,Annex 2,,CD,Caprimulgus tristigma,,Match,DRC_protected_species.pdf
LC,,,,,Annex 2,,CD,Corythornis cristatus,,Re-classified && Typo,DRC_protected_species.pdf
LC,,,,,Annex 2,,CD,Buphagus africanus,,Typo,DRC_protected_species.pdf
VU,,,,,Annex 2,,CD,Bucorvus leadbeateri,,Re-classified,DRC_protected_species.pdf
EN,,,,,Annex 2,,CD,Balearica regulorum,,Match,DRC_protected_species.pdf
LC,,,,,Annex 2,,CD,Poicephalus fuscicollis,,Re-classified,DRC_protected_species.pdf
LC,,,,,Annex 2,,CD,Tauraco schalowi,,Match,DRC_protected_species.pdf
LC,,,,,Annex 2,,CD,Tauraco schuettii,,Match,DRC_protected_species.pdf
LC,,,,,Annex 2,,CD,Stigmochelys pardalis,,Re-classified,DRC_protected_species.pdf
LC,,,,,Annex 2,,CD,Kinixys belliana,,Unknown entry,DRC_protected_species.pdf
LC,,,,,Annex 2,,CD,Kinyongia adolfifriderici,,Re-classified,DRC_protected_species.pdf
NT,,,,,Annex 2,,CD,Kinyongia carpenteri,,Re-classified,DRC_protected_species.pdf
NT,,,,,Annex 2,,CD,Kinyongia xenorhina,,Re-classified,DRC_protected_species.pdf
LC,,,,,Annex 2,,CD,Chamaeleo anchietae,,Match,DRC_protected_species.pdf
LC,,,,,Annex 2,,CD,Trioceros bitaeniatus,,Re-classified,DRC_protected_species.pdf
LC,,,,,Annex 2,,CD,Trioceros chapini,,Re-classified,DRC_protected_species.pdf
LC,,,,,Annex 2,,CD,Trioceros ellioti,,Re-classified,DRC_protected_species.pdf
LC,,,,,Annex 2,,CD,Trioceros ituriensis,,Re-classified,DRC_protected_species.pdf
LC,,,,,Annex 2,,CD,Trioceros johnstoni,,Re-classified,DRC_protected_species.pdf
LC,,,,,Annex 2,,CD,Chamaeleo laevigatus,,Match,DRC_protected_species.pdf
LC,,,,,Annex 2,,CD,Trioceros rudis,,Re-classified,DRC_protected_species.pdf
DD,,,,,Annex 2,,CD,Trioceros schoutedeni,,Re-classified,DRC_protected_species.pdf
LC,,,,,Annex 2,,CD,Cordylus tropidosternum,,Match,DRC_protected_species.pdf
LC,,,,,Annex 2,,CD,Varanus albigularis,,Match,DRC_protected_species.pdf
LC,,,,,Annex 2,,CD,Sclerophrys channingi,,Re-classified,DRC_protected_species.pdf
EN,,,,,Annex 2,,CD,Rhincodon typus,,Match,DRC_protected_species.pdf
VU,,,,,Annex 2,,CD,Carcharodon carcharias,,Not extant in country,DRC_protected_species.pdf
